370350,Airsense 10 Elite Starter Pack
DVA7076088,SleepStyle Fixed Cpap Setup Pack,SPSCAA
DVA7075219,DreamStation CPAP Pro Setup PK,AUX400S15
DVA7075220,DSD CPAP Pro HumHTSetup PK,AUX400T15
DVA7075221,DSD CPAP Pro HumHTSetup PK,AUX400T15C
370351,Airsense 10 Autoset Starter Pack
370352,Airsense 10 Autoset For Her Starter Pack
DVA7074584, ICON Plus Auto CPAP unit Stup PK,ICONAAA
DVA7075222,DrmSt Auto CPAP Setup PK,AUX500S15
DVA7075223,DrmSt AutoCPAP HumHTSetup PK,AUXSOOT15
DVA7075224,DS Auto CPAP HumHTCel Stp PK,AAUXSOOT1SC
7074837,Humidifier REMstar 1 60 Series,IN6H
7074838,Humidifier REMstar with Heated Tube,IN6T
7074835,System One Humidifier,1056210
7074833,H2 Heated Humidifier,1009492
7075225,DreamStation Humidifier,EUXH
7074722,Night Shift Lateral Sleep Device,NS-2701
7074721,Night Shift Strap Incl Magnets,NS-2702
370354,AirCurve 10 CS PaceWave 4G Setup Pack
DVA7075528,DrmSt BiPAP Avaps Setup Pack,AUX1131T15C
280012,Lumis 100 VPAP S 4G Setup Pack
280013,Lumis 150 VPAP ST 4G Setup Pack
280014,Lumis 150 VPAP ST-A 4G Setup Pack
DVA7075527,DrmSt BiPAP AutoSV Setup Pack,AUX900T15C
63875,AirFit P30i Starter Pack: STD
63876,AirFit P30i Starter Pack: SML
63861,AirFit P30i Cushion: SML
63862,AirFit P30i Cushion: MED
63863,AirFit P30i Cushion: LGE
62904,AirFit P10 Mask System
62914,AirFit P10 for Her Mask System
62930,AirFit P10 Pillow X-Small
62931,AirFit P10 Pillow Small
62932,AirFit P10 Pillow Medium
62933,AirFit P10 Pillow Large,1223771
62938,AirFit P10 Frame
62935,AirFit P10 Headgear Assembly
62936,AirFit P10 for Her Headgear Assembly
62962,"AirFit P10 Headgear Clips (1 pk, 2 clips included)"
61504,Swift FX NasalPillows System
61543,Swift FX for Her Headgear Assy
61581,Swift FX Bella Headgear Assy
61520,Swift FX Pillow x-small
61521,Swift FX Pillow small
61522,Swift FX Pillow medium
61523,Swift FX Pillow large
61528,Swift FX short tube assy 1 pk
61529,Swift FX headgear assy
61531,Swift FX back strap
61530,Swift FX soft wraps,N30
63825,AirFit N30i STD STPK APAC,F30i
63826,AirFit N30i SML STPK APAC
63810,AirFit N30i SML WIDE Cushion
63811,AirFit N30i MEDIUM Cushion
63812,AirFit N30i WIDE Cushion
63813,AirFit N30i SML Cushion
63814,AirFit N30i Headgear
63840,AirFit N30i STD Frame w/ Elbow
63841,AirFit N30i SML Frame w/ Elbow
63842,AirFit N30i Elbow
63723,AirFit N20 CL SML Sys - APAC
63724,AirFit N20 CL MED Sys - APAC
63725,AirFit N20 CL LGE Sys - APAC
63766,AirFit N20 Classic Frame
63760,AirFit N20 Classic Headgear: SML
63761,AirFit N20 Classic Headgear: STD
63765,AirFit N20 Classic Elbow & Short Tube
63520,AirFit N20 For Her SML
63521,AirFit N20 MED
63522,AirFit N20 LGE
63550,AirFit N20 Cushion SMI
63551,AirFit N20 Cushion MED
63552,AirFit N20 Cushion LGE
63560,AirFit N20 Headgear SML (incl. x2 clips)
63561,AirFit N20 Headgear STD (incl. x2 clips)
63562,AirFit N20 Headgear LGE (incl. x2 clips)
63558,AirFit N20 For Her Headgear (incl. x2 clips)
63566,AirFit N20 Frame
63567,AirFit N20 For Her Frame
63564,AirFit N20 Headgear Clips (x2)
63565,AirFit N20 Elbow and Short Tube
62106,Mirage FX Mask Sys-ANZ
62121,Mirage FX Mask Sys WD-ANZ
62134,Mirage FX for Her Mask Sys ANZ
62129,Mirage FX For Her Mask Headgear
62110,Mirage FX Mask Headgear - STD
62111,Mirage FX Mask Cushion STD
62136,Mirage FX Mask Cushion SML
62113,Mirage FX Frame STD
62143,Mirage FX Frame SML
62114,Mirage FX Elbow Assembly
62125,Mirage FX Mask Cushion-WD
62127,Mirage FX Frame-WD
64126,AirFit F30 Complete Mask System: Small
64127,AirFit F30 Complete Mask System: Medium
64150,AirFit F30 Cushion: Small
64151,AirFit F30 Cushion: Medium
64159,AirFit F30 Frame
64161,AirFit F30 Headgear: Standard
630019,Airtouch F20 Starter Kit + 3PK Cushions SML,1475677/1263290
630020,Airtouch F20 Starter Kit + 3PK Cushions MED,1448029/1369861
630021,Airtouch F20 Starter Kit + 3PK Cushions LGE,1448032/1357338
630012,"AirTouch F20 Cushion 3PK- S,M,L inc "
630006,AirTouch F20 Cushion 3PK SML,1263290
630007,AirTouch F20 Cushion 3PK MED,1369861
630008,AirTouch F20 Cushion 3PK LGE,1357338
63430,AirFit F20 SML
63431,AirFit F20 MED
63432,AirFit F20 LGE
63433,AirFit F20 for Her SML
63434,AirFit F20 for Her MED
63467,AirFit F20 Cushion SML
63468,AirFit F20 Cushion MED
63469,AirFit F20 Cushion LGE
63470,Airfit F20 Headgear SML (incl. x2 clips)
63471,AirFit F20 Headgear Standard (incl. x2 clips)
63472,AirFit F20 Headgear LGE (incl. x2 clips)
63473,AirFit F20 for Her Headgear(incl x2 clips)
63465,AirFit F20 Frame
63466,Airfit F20 for Her Frame
63475,AirFit F20 Headgear Clip x2
63494,F20 QuietAir Elbow,1484462
63477,AirFit F20 Soft Sleeves
63476,AirFit F20 Elbow
62725,Quattro Air FFM SML
62726,Quattro Air FFM MED
62727,Quattro Air FFM LGE
62769,Quattro Air for Her FFM XSML
62770,Quattro Air for Her FFM SML
62771,Quattro Air for Her FFM MED
62756,Quattro Air Mask Headgear
62757,Quattro Air Mask Headgear SML
62758,Quattro Air For Her Headgear
62759,Quattro Air For Her Headgear MED
62760,Quattro Air Mask Frame XSml/Sml
62761,Quattro Air Mask Frame Med/Lge
62736,Quattro Air/AirFit F10 Cushion XSML
62737,Quattro Air/AirFit FLO Cushion SML
62738,Quattro Air/AirFit F10 Cushion MED
62739,Quattro Air/AirFit F10 Cushion LGE
62762,Quattro Air/AirFit F10 Mask Elbow
7076094, DreamWear Gel Pillows Fitpack,1124984
7077305,Dreamwear - Med-Wide,1133378
707736,Dreamwear - Small,1133375
707737,Dreamwear- Medium,1133376
707738,Dreamwear- Large,1133377
7078385,Dreamwear FFM - Cushion Small,1133430
7078386,Dreamwear FFM - Cushion Medium,1133431
7078387,Dreamwear FFM - Cushion Large,1133432
7078388,Dreamwear FFM - Cushion Wide,1133433
7078389,Dreamwear FFM - Headgear,1133450
7076095,DreamWear Gel Pillow Cushion Sml,1125035
7076096,DreamWear Gel Pillow Cushion Med,1125036
7076097,DreamWear Gel Pillow Cushion Lge,1125037
7075231,DreamWear Frame Sml,1116745
7075232,DreamWear Frame Med,1116746
7075233,DreamWear Frame Lge,1116747
7075234,DreamWear Headgear,1116750
7075235,DreamWear Fabric Wraps,1116754
7076098,DreamWear ElbowKit,1116748
7075226,DreamWear UtN Nasal Mask Fitpack,1116700
7075227,DreamWear UtN Cushion Small,1116740
7075228,DreamWear UtN Cushion Medium,1116741
7075230,DreamWear UtN Cushion Large
7075229,DreamWear UtN Cushion MediumWide,1116743
7075049,Amara View Mask Small,1090602
7075050,Amara View Mask Medium,1090603
7075051,Amara View Mask Large,1090604
7075236,Amara View Mask Quick-Rel Tube,1090689
7075237,Amara View Cushion Small,1090692
7075238,Amara View Cushion Medium,1090693
7075206,Amara View Cushion Large,1090694
7075158,Amara View Headgear Clip 2pk,1090698
7075239,Amara View Headgear Large,1090696
7075157,Amara View Headgear Standard,1090697
7073960,Nuance Gel Mask w Fabric Frame,1105161
7073961,Nuance Pro Gel Mask w Gel Frame,1105161
7078171,Nuance/ Pro Gel Cushion $,1105161
7073942,Nuance / Pro Gel Cushion M,1105161
7075172,Nuance/ Pro Gel Cushion L,1105161
7075173,Nuance / Pro Swivel Tube w Exhal,1105161
7075174,Nuance Headgear,1105161
7075175,NuanceFabric Frame ReducedSize,1105161
7075176,NuanceFabric FrameStd Size,1105161
7074883,NuancePro Headgear,1105161
7075177,Nuance Pro Gel Frame,1105161
7073522,Wisp mask with Clear Frame,1105161
7073523,Wisp mask with Fabric Frame,1105161
7074388,Wisp Cushion - Petite,1105161
7073751,Wisp Cushion Small/Medium,1105161
7073947,Wisp Cushion - Large,1105161
7074075,Wisp Cushion - Extra Large,1105161
7074386,Wisp Frame- Clear,1105161
7074387,Wisp Frame- Fabric,1105161
7074395,Wisp Headgear,1105161
7073948,Wisp HeadgearLarge,1105161
7074347,Wisp Tube and Elbow Assembly,1105161
7074396,Wisp Headgear Clips,1105161
7074384,Amara Mask Petite,1090220
7073121,Amara Mask - Small,1090221
7073362,Amara Mask - Medium,1090225
7073602,Amara Mask - Large,1090228
7075178,Amara Gel Mask Petite,1090420
7074023,Amara Gel Mask Small,1090421
7074024,Amara Gel Mask Medium,1090425
7074025,Amara Gel Mask Large,1090426
7074924,Amara Frame - Reduced Size,1090288
7074385,Frame - Standard Size,1090289
7074881,AmaraSilicon Cushion- Petite,1090290
7072606,AmaraSilicon Cushion - Small,1090292
7072607,Amara Silicon Cushion - Medium,1090293
7072608,AmaraSilicon Cushion- Large,1090294
7073750,Amara Headgear- Reduced Size,1090296
7072605,Amara Headgear,1090297
707120,Silicone Pillow Forehead Pad,1040114
7074393,Headgear Clips (2 pack),1071877
7074339,Entrainment Valve Swivel,1081899
7075179,Amara GelCushion- Petite,1090490
7075180,Amara Gel Cushion - Small,1090492
7075181,Amara Gel Cushion - Medium,1090493
7075182,Amara Gel Cushion- Large,1090494
7075183,Silicone Pillow Forehead Pad,1040495
7074379,TrueBlue Gel Cushion and Flap P,1071861
7074380,TrueBlue Gel Cushion and Flap S,1071862
7074381,TrueBlue Gel Cushion and Flap M,1071863
7074382,TrueBlue Gel Cushion and Flap MW,1071864
7074383,TrueBlue Gel Cushion and Flap L,1071865
7074880,TrueBlue Gel Forehead Pad,1071888
7074240,TrueBlue Headgear Standard,1071875
7074392,TrueBlue Headgear reducedsize P,1071874
7073116,"EasyLife Nasal Cush, Support P",1050090
7071308,"EasyLife Nasal Cush, Support S",1050091
7071309,"EasyLife Nasal Cush, Support M",1050092
7071310,"EasyLife Nasal Cush, Support MW",1050093
7071311,"EasyLife Nasal Cush, Support L",1050094
7074390,EasyLife Headgear reduced size P,1050086
7073113,EasyLife Headgear Standard,1050087
7074391,EasyLife Head Clips 2 PK,1050097
7071822,ComfortGel Blue Cushion - Petite,1070104
7071823,ComfortGel Blue Cushion - Small,1070103
7071824,ComfortGel Blue Cushion - Medium,1070102
7071825,ComfortGel Blue Cushion - Large,1070101
7073785,"ComfortGel Blue Flap, Cushion P",1070108
7073784,"ComfortGel Blue Flap, Cushion S",1070107
7073119,"ComfortGel Blue Flap, Cushion M",1070106
7073118,"ComfortGel Blue Flap, Cushion L",1070105
70473,Premium Headgear,1033678
7075184,ComfortGel Blue Full Cushion S,1081890
7075185,ComfortGel Blue Full Cushion M,1081891
7073282,ComfortGel Blue Full Cushion L,1081892
7075186,ComfortGel Blue Full Cushion XL,1081893
7072412,ComfortGel Blue Full Cush flap S,1081895
7072413,ComfortGel Blue Full Cush flap M,1081896
7072414,ComfortGel Blue Full Cush flap L,1081897
7072415,ComfortGel Blue Full Cush flapXL,1081898
707119,ComfortGel Full Premium Headgear,1040138
7075187,ComfortGel Full Prem Hdgr redid,1059236
707122,Quick Clips Blue 2 pk,1040139
7071342,FitLife Headgear- Small,1060807
7071343,FitLife Headgear- Large,1060808
7072286,FitLife Headgear- Extra Large,1089990
7071344,FitLife Snapclips (2 pack),1060913
7071345,FitLife Exhalation Elbow,1060809
707123,Portcap (5 pack),1010872
7078685,VITERA FULL FACE MASK SMALL,VIT1SU
7078686,VITERA FULL FACE MASK MEDIUM,VITIMU
7078687,VITERA FULL FACE MASK LARGE,VITILU
7078688,VITERA SEAL SMALL,400VIT111
7078689,VITERA SEAL MEDIUM,400VIT112
7078690,VITERA SEAL LARGE,400VIT113
7078691,VITERA HEADGEAR SMALL,400VIT121
7078692,VITERA HEADGEAR MEDIUM/LARGE,400VIT122
7078693,VITERA H/G & FOREHEAD CLIPS PK,400VIT151
7078694,VITERA ELBOW,400VIT171
7075074,Eson 2 Nasal Mask - Small,ESN2SA
7075075,Eson 2 Nasal Mask - Medium,ESN2MA
7075076,Eson 2 Nasal Mask - Large,ESN2LA
7075077,Eson 2 Small Seal,400ESN211
7075080,Eson 2 Diffuser,400ESN261
7075081,Eson 2 Small Headgear,400ESN221
7075083,Eson 2 Clips (pack of 2),400ESN251
7075084,Eson 2 Swivel,400ESN241
7075085,Eson 2 Elbow,400ESN271
7075086,Eson 2 Small Mask no Headgear,400ESN231
7075078,Eson 2 Medium Seal,400ESN212
7075082,Eson 2 Medium/Large Headgear,400ESN222
7075087,Eson 2 Medium Mask no Headgear,400ESN232
7075079,Eson 2 Large Seal,400ESN213
7075088,Eson 2 Large Mask no Headgear,400ESN233
7073574,Eson Nasal Mask- Small,400449
7074481,Eson Nasal Mask - Medium,400450
7074482,Eson Nasal Mask- Large,400451
7073291,Eson Small Seal,400HC126
7072491,Eson Medium Seal,400HC127
7072492,Eson Large Seal,400HC128
7072494,Eson Diffusers 10 pk and Cover,400HC228
7073579,Eson Small Headgear,400HC567
7072490,Eson Medium/Large Headgear,400HC568
7072495,Eson Headgear Clips and Buckle,400HC569
7072493,Gray Swivel,400HC570
7075352,"Brevida Mask (XS, S, M, L inc.) ",BRE1SMA
7075359,Brevida Mask No H/G XS-S,400BRE131
7075360,Brevida Mask No H/G M-L,400BRE132
7075353,Brevida Seal XS-S,400BRE111
7075354,Brevida Seal M-L,400BRE112
7075355,Brevida Headgear,400BRE120
7075356,Brevida Headgear Clips,400BRE151
7075357,Brevida Diffuser,400BRE161
7075358,Brevida Elbow,400BRE171
7073803,Pilairo Q Nasal Pillows Mask,400421
7073296,AirPillow Silicone Seal (each),400HC125
7074238,26 Pilairo Q Adjustable Headgear,400HC326
7073295,Pilairo Q Stretchwise Headgear,400HC322
7074514,"Pilairo Q Elbow Cover, Diffuser",400HC229
7074537,Pilairo Q Headgear Clips Buckle,400HC588
7073581,Swivel Connector - Female,400HC224
7074527,Pilairo Q FrameKit no hdgr,400HC565
7074483,Simplus Full Face Mask - Small,400475
7074484,Simplus Full Face Mask - Medium,400476
7074485,Simplus Full Face Mask - Large,400477
7073349,SimplusSeal - Small,400HC579
7073350,Simplus Seal - Medium,400HC580
7073351,SimplusSeal - Large,400HC581
7073757,Simplus Headgear - Small,400HC582
7073582,Simplus Headgear - Medium/Large,400HC583
7074536,"Simplus Headgear Clips, Buckle",400HC587
7073090,Premium Chin Strap,1012911
302425,Deluxe Chin Strap,302425
7074847,SeaTec Chin Strap - SmI,CPST0001
7074846,SeaTec Chin Strap - Med,CPST0002
7074845,SeaTec Chin Strap - Lge,CPST0003
7074844,SeaTec Mouth and Chin Strap Sm,CPST0004
7074843,SeaTec Mouth and Chin Strap Med,CPST0005
7074842,SeaTec Mouth and Chin Strap Lge,CPST0006
16015,Chin Restraint
61910,Gecko Nasal Pad - Large,160512-038
61911,Gecko Nasal Pad - Small
61918,CPAP Wipes Tub,160401-069
22001,Oxygen Diverter Valve
7074453,Swivel Snap conne,900HC438
632188,Pressure Port Connector w port,900HC452
7074887,LiquiCell for Masks,1109097
632170,Oxygen Enrichment Attachment,312710
332113,Whisper Swivel,332113
7073122,Pressure Valve,302418
631074,Exhalation Elbow Kit,1004395
7074311,Bacteria Filter,1014047
7075106,Pollen Filter Reusable
70490,Standard Elbow (SE) Blue,302209
631148,Mask Swivel,7041
7074321,Disposable White Filter Pkt/2,1035442
7074316,MSeries Reuse Black Filter 2 pck,1029330
70285,Nozoil - Nose Spray / Drops,125247
7074785,Resp DC Battery Adaptor Cable 12V,532209
7074782,Resp. Shielded DC PowerCord,1001956
7075193,Bluetooth Accessory Modules,1002208
7075240,DreamStation 15MM Standard Tube,PR15
7075108,DreamStation 15MM Heated Tube,HT15
7075107,Disposable Ultra-Fine Filter - 6Pk,1122519
7075526,"PAP Lithium Battery Kit, Sleep",1126942
7074328,Philips Respironics CPAP Foam,1063091
7076101,Philips Heated Hose System One,SYS1HT15
7075105,DreamStation Humidifier Chamber,1122520
7075241,Philips RI Carrying Case DreamStation,1121162
7075242,"DreamStation, 80W PowerSupply, ROHS",1118499
7075243,Shielded DC Cord - DreamStation,1120746
7075244,Shielded DC Cord System - DreamStation,1120747
7076089,SleepStyle Humid Chamber,900SPS100
7076090,SleepStyle ChamberSeal,900SPS101
7076091,SleepStyle Outlet Seal,900SPS141
7076092,SleepStyle Heat Tube,900SPS120
7076093,SleepStyle Filter 2 Pack,900SPS110
7072240,ICON/ICON Plus Water Chamber,900ICON200
7072241,InfoUSB(each),900ICON202
7072238,Elbow - ICON / ICONPlus,900ICON204
7072242,Outlet Seal ICON / ICON Plus,900ICON206
7072236,ThermoSmart Heated BreathTube,900ICON208
7074458,Air Filters - 2 pack,900ICON213
7075199,Charcoal Lid,900ICON217
7072243,Silver GlossLid,900ICON214
7072234,Filter Grill ICON/ICON Plus,900ICON218
7072239,Soft Carry Case ICON/ICONPlus,900ICON315
7072235,AirFilter - ICON / ICON Plus,900ICONS03
7074455,ThermoSmart Heated Breath Tube,900HC522
7074451,Filter for HC600 Series 2 pack,900HC240
7074457,Replacement Elbow Funnel,900HC627
7074450,Filter for HC221 Series 2 pack,900HC228
7074469,Stainless Steel Chamber,HC355
7074456,SmartStick for the HC244/HC254,900HC611
37297,Air 10 DC-DCConverter
37301,Air 10 USB Module
37303,Air 10 Side Cover Charcoal
37335,Air 10 Side Cover Grey For Her
37304,Air 10 Travel Bag
37305,Air 10 Travel Bag For Her
37310,Air 10 / Lumis Air Outlet
19768,Filter Cover - AirSense 10 for Her
19729,Filter Cover AirSense 10
37347,Air 10 PSU 9OW ANZ
37334,Air 10 SD Card ENV 1pk
37300,HumidAir Cleanable Tub
37296,ClimateLineAir heated tube (QTY 1-11 price per item)
37357,"ClimateLineAir Oxy heated tube (QTY ‘.-11, price per item)"
36810,SlimLine tubing
21948,Standard tubing
36811,SlimLine tubing wrap
33963,Standard tubing wrap
37394,Air 10 Tubing Elbow
36931,SD Card Reader
36852,"AirSense 10/S9 Filter, Std (12pk)"
36857,AirSense 10/S9 Filter Hypoallergenic 12pk
36860,S9Travel Bag
36859,S9 Filter cover
36970,S9 24V DC converter
36955,S9 Embletta adapter
33960,S8 Filter Cover
33974,S8 Std Filter (12 pack)
36995,ClimateLine Tubing
36996,ClimateLineMAX Oxy Tubing 19mm
36891,H5i Flip lid assembly
36892,H5i Seal Flip lid
36894,H5i Air outlet and outlet clip
61212,Mirage Quattro Full Face Mask System XS
61213,Mirage Quattro Full Face Mask System S
61214,Mirage Quattro Full Face Mask System M
61215,Mirage Quattro Full Face Mask System L
61270,Mirage Quattro Mask Frame - X Small
61271,Mirage Quattro Mask Frame - Small
61272,Mirage Quattro Mask Frame - Medium
61273,Mirage Quattro Mask Frame - Large
61290,Mirage Quattro Cushion and Clip X Small
61291,Mirage Quattro Cushion and Clip Small
61292,Mirage Quattro Cushion and Clip Medium
61293,Mirage Quattro Cushion and Clip Large
61282,Mirage Quattro Elbow
16118,"Headgear, Small"
16733,"Headgear, Medium"
16119,"Headgear, Large"
60115,Mirage Quattro Headgear Clip 2 pk
61286,"Mirage Quattro Valve, Clip Assembly 1 pk"
61288,Mirage Quattro Forehead Support
61289,Mirage Quattro Dial
61294,Mirage Quattro Elbow Assembly
61295,Mirage Quattro Ports cap 2 pk
24930,H4i Integrated Humidifier
7076140,Medistrom Battery,P24MPLBP1
7076141,Medistrom Car Charger,P99ACCPCC
26958,Water chamber (cleanable)
14994,Standard Tubing - 1.83m clear grey
14922,Air Tubing - 3m Yellow - cuffed ends
14961,Air Tubing 2m Clear Polyolefin cuffed
14948,Air Tubing 2m Grey - cuffed ends
14926,Air Tubing Connector (1 pack)
14915,Sideport Oxygen Connector
7078216,Tube Cleaning Brush,BJJB2X15
24921,RPS II External Battery Pack
24926,ResMed Power Station II (Battery only)
37342,RPS II - Air10 PSU Adapter,200427-070
37343,RPS II - Air10 DC Cable,200128-028
24961,RPS Il - DC Cable S9 Series
24964,RPS II Battery Coupler Kit,200113-109
24946,RPS II PSU Adapter
24952,RPS Il Carry Bag
36950,S9 USB Adaptor
38815,"AirMini Filter, Std (2 pk)"
38816,"AirMini Filter, Std (12 pk)"
38858,AirMini Hypoallergenic Filters (12 pk)
38848,AirMini 20W AC Adapter
38831,AirMini Filter Cover - Dove Gray
38840,AirMini Travel Bag
38841,AirMini Travel Case
38842,AirMini Mount System
38822,AirMini Tubing
38843,F20 Connector for AirMini
38844,N20 Connector for AirMini
38845,P10 Connectorfor AirMini (includes P10 frame and ventonly)
38839,AirMini DC/DC Converter
38825,F20/F30 AirMini Setup Pack
38823,N20 AirMini Setup Pack
63336,AirFit F30i: S/SML
63337,AirFit F30i: S/STD
63338,AirFit F30i: M/STD
63339,AirFit F30i: W/STD
63340,AirFit F30i: M/LGE
63350,AirFit F30i Cushion: SML
63351,AirFit F30i Cushion: MED
63352,AirFit F30i Cushion: SML-WD
63353,AirFit F30i Cushion: WD
63368,AirFit F30i Frame: SML
63369,AirFit F30i Frame: STD
63370,AirFit F30i Frame: LGE
63372,AirFit F30i Headgear: STD
63373,AirFit F30i SoftWraps
38809,HumidX (3pk)
38810,HumidX (6pk)
38812,HumidX Plus (3pk)
38813,HumidX Plus (6pk)
64206,AirFit N30 Starter Pack
64213,AirFit N30 Cushion: SML
64214,AirFit N30 Cushion: MED
64215,AirFit N30 Cushion: SML-WD
64216,AirFit N30 Headgear
64219,AirFit N30 Frame QuietAir
26952,Water chamber (standard)
26953,Top cover and seal
26955,Cleaning Plug
26954,Cleanable Water Chamber O-Ring
